,id,name,Arrondissemnt,Coor_x,Coor_y,Status,Dommages,Commentaire,Précision,Date
0,IN6T99,Ancienne Bonneterie Allenbach ,Sélestat-Erstein,7.42246262522949,48.3861649664361,bon,30.0,,Chapelle Saint-Aurélien (cad. DY 35) : inscription par arrêté du 28 janvier 1943,2018-12-31
1,IDUFQJ,Château Haut-Andlau (ruines),Sélestat-Erstein,7.41244341598506,48.4012779182028,mauvais,0.0,massif rocheux en cours d'étude BRGM.consolidation au ciment ont accentués les risques,La façade sur rue et la toiture correspondante : inscription par arrêté du 16 octobre 1964,2018-12-31
2,IWXYV8,Ruines du château de Spesbourg ,Sélestat-Erstein,7.39732376686969,48.4019701476683,bon,,,Château de Spesbourg (ruines) (cad. 27 14) : classement par arrêté du 18 décembre 1967,2018-12-31
3,IXX21P,Église Saints-Pierre-et-Paul,Sélestat-Erstein,7.41530328310429,48.3878189793711,bon,10.0,"La couverture est à restaurer (tuiles poreuses), les maçonneries saines pathologies liées à humidité",Façades sur rue et cour et toitures : classement par arrêté du 23 avril 1945,2018-12-31
4,IIOXVE,Hôpital Stolz-Grimm,Sélestat-Erstein,7.41414051421594,48.3877974482278,bon,5.0,,Porte d'entrée sur cour et escalier principal : inscription par arrêté du 25 avril 1935,2018-12-31
5,I68RL1,Ancien Hôtel d'Andlau,Sélestat-Erstein,7.41694788024151,48.3869313503535,moyen,0.0,,Façades et toitures : inscription par arrêté du 19 août 1949,2018-12-31
6,IU5X2B,Maison,Sélestat-Erstein,7.41683528696463,48.3869104137419,bon,50.0,,Porte sur rue datée de 1573 : inscription par arrêté du 21 avril 1934,2018-12-31
7,IIZJEW,Immeuble (ancienne salle capitulaire),Sélestat-Erstein,7.415643823458845,48.38762409335733,moyen,25.0,sol étanche,Façade (sauf étage supérieur) et arcade : inscription par arrêté du 14 juin 1928,2018-12-31
8,IC0RN5,Puits Sainte-Richarde,Sélestat-Erstein,7.41650898585361,48.3873336982278,moyen,0.0,"Le puit n'est plus en eau, victime des intempéries les elements en grès se délitent",Façades et toitures (cad. AB 99) : inscription par arrêté du 1er mars 1928,2018-12-31
9,IWB5UR,Eglise protestante,Sélestat-Erstein,7.53727700562112,48.2374537773543,bon,0.0,enduits ciment à purger,"L'ancienne maison presbytérale, en totalité, y compris les sol et sous-sol de la cour, et l'ensemble des murs clôturant la cour, sise 16 rue Paul Vergnes, sur la parcelle n°230 de la section B du cadastre, telle que délimitée et hachurée en rouge sur le plan annexé à l'arrêté : classement par arrêté du 15 décembre 2020",2016-12-31
10,I3GY9S,Immeuble Boegler,Sélestat-Erstein,7.53903265997363,48.2374034026373,bon,50.0,,"Façades, toiture et porte d'entrée sur rue : classement par arrêté du 28 octobre 1929",2018-12-31
11,IU04JP,Eglise protestante,Sélestat-Erstein,7.44785530065839,48.4093918697808,bon,80.0,,Façade et toiture (cad. AB 782) : inscription par arrêté du 9 juin 1932,2018-12-31
12,IV0SWQ,Ancien Hôtel Marco,Sélestat-Erstein,7.45113414510052,48.4102541868861,moyen,20.0,"maçonneries saines, entrées cochères en mauvais état projet de restauration en cours","Cartouche ornemental placé sur le mur ouest, anciennement au 161 rue de Bourgogne : inscription par arrêté du 22 juin 1943",2018-12-31
13,I9RPI5,Hôtel de Ville,Sélestat-Erstein,7.44925930932663,48.4088601104961,bon,50.0,,Façades et toiture : inscription par arrêté du 5 mai 1931,2018-12-31
14,IC35E4,Maison,Sélestat-Erstein,7.44943849738771,48.4091963518648,bon,40.0,,Façade : classement par arrêté du 12 janvier 1920,2018-12-31
15,ISRB69,Centre de fermentation des tabacs,Sélestat-Erstein,7.5947412858805,48.3707747604368,bon,0.0,"patchwork de menuiseries pvc, bois et alu. ","Façades et toitures du château et des communs (cad. B 1037) : classement par arrêté du 5 décembre 1979 ; Pavillon de musique ; parc ordonnancé, y compris le tapis vert (cad. B 283, 1037) : classement par arrêté du 11 février 1991 ; Intérieurs du château et des communs ; partie boisée du parc (cad. B 283, 1037) : inscription par arrêté du 11 février 1991",2018-12-31
16,IAUBZE,Ancien château épiscopal,Sélestat-Erstein,7.5961028112935,48.3708066269935,bon,,les éléments de sous bassement sont dégradés(remontées capillaires) sol étanche à déposer,"Chevet et tour servant de clocher : inscription par arrêté du 1er juin 1927 ; L'église Notre-Dame, en totalité (cad. AB 27) : inscription par arrêté du 16 juillet 2019",2018-12-31
17,IQI9J7,Hôpital,Sélestat-Erstein,7.59533086143632,48.368841885899556,moyen,10.0,manque d'entretien lente dégradation,L'église en totalité (cad. A 660) : inscription par arrêté du 31 juillet 2002,2018-12-31
18,I2MH9W,Hôtel de ville,Sélestat-Erstein,7.59497073805894,48.3691083555836,bon,80.0,,Eglise Saint-Nazaire : classement par liste de 1840,2018-12-31
19,IUT1F6,Maison,Sélestat-Erstein,7.59574070231565,48.3696080975438,mauvais,100.0,"enduits au ciment, peintures acryliques, mise hors d'eau et hors air ",Façades et toitures ; tourelle d'escalier ; au rez-de-chaussée à l'intérieur : chambranle de porte à clef armoriée (cad. D 1237) : inscription par arrêté du 20 décembre 1988,2018-12-31
20,IMTPW1,Maison,Sélestat-Erstein,7.59489250225822,48.369477584243,bon,100.0,escalier sur cour pas vu,Calvaire du bourg (cad. 105) : inscription par arrêté du 27 février 1946,2018-12-31
21,I9L756,Ancien relais de poste à chevaux,Sélestat-Erstein,7.5913599448314,48.3715405837188,moyen,50.0,Le bâtiment principal est restauré. Projets de restauration des annexes en cours,Façades et toitures des deux ailes avec leurs tours ; bastion d'entrée ; cour avec puits ; mur d'enceinte et douves (cad. E 348/99) : classement par arrêté du 15 mars 1983,2018-12-31
22,I447LF,Site archéologique,Sélestat-Erstein,7.61392909966049,48.3690259538533,bon,20.0,site archéo,Façade et toiture sur rue (cad. DN 337) : inscription par arrêté du 25 novembre 1946,2018-12-31
23,IL2LH0,Synagogue,Sélestat-Erstein,7.59473814381252,48.370477240137,mauvais,70.0,"périls sur les décors intérieurs, maçonneries a restaurer et mise hors d'eau urgente","La Synagogue (plan en annexe), en totalité, située rue de la Dîme sur la parcelle 186 de la section AC : inscription par arrêté du 20 octobre 2015",2018-12-31
24,ISZ1NU,Eglise catholique Notre-Dame,Sélestat-Erstein,7.46382692576137,48.4528427659893,mauvais,,"couverture ardoises,maçonnerie pierre de taille + chéneaux à revoir.remontées capillaire importantes","Le monument aux morts de la guerre 1914-1918, en totalité (cad. BH 66, cf plan annexé à l'arrêté) : inscription par arrêté du 3 février 2015",2018-12-31
25,ISOF6X,Maison,Sélestat-Erstein,7.46207610048911,48.4522146309599,moyen,30.0,travaux d'entretien sur les couvertures et réfection des enduits à prévoir,Oriel sur la façade principale : inscription par arrêté du 21 avril 1934,2018-12-31
26,I4W2G2,Puits,Sélestat-Erstein,7.46301862136326,48.4512226030347,bon,,"entretien régulier, mousse localisée",Bas-relief armorié dans le jardin au sud de la maison : inscription par décret du 6 avril 1929,2018-12-31
27,IXS4U7,Puits,Sélestat-Erstein,7.46601442795865,48.4541080311103,moyen,100.0,consolidations ponctuelles au mortier de ciment,Eglise (cad. A 482) : inscription par arrêté du 30 mai 1990,2018-12-31
28,IBZ329,Eglise catholique des Saints-Innocents,Sélestat-Erstein,7.41858397190021,48.3405052498722,moyen,20.0,Couverture mauvais état. Intérieurs pas vus.,"Les vestiges de l'amphithéâtre situés dans la partie du Jardin des Plantes délimitée comme suit : au Nord, l'alignement Sud de la rue des Tables-Claudiennes ; à l'Est, le mur Ouest du funiculaire rue Terme-Croix-Rousse ; au Sud, l'alignement Nord de la rue Burdeau ; à l'Ouest, la courbe elliptique de l'emprise Ouest de l'amphithéâtre, y compris les voies publiques qu'elle renferme faisant partie du domaine public communal, quartier du Jardin des Plantes (cad. C) : classement par arrêté du 27 novembre 1961",2018-12-31
29,IBTN14,Fontaine,Sélestat-Erstein,7.41824351580297,48.3414986724198,moyen,50.0,,Façades et toitures de la partie en pierres (cad. AB 20 (anciennement 143) ) : inscription par arrêté du 1er mars 1928 ; Façades et toitures de la partie en pans de bois (cad. 19 (anciennement 145) ) : classement par arrêté du 12 août 1936 ; Jardins (cad. 19 (anciennement 144) ) : classement par arrêté du 12 août 1936,2018-12-31
30,IF5O6G,Eglise catholique Saint-Etienne,Sélestat-Erstein,7.68325225480732,48.3320393727095,moyen,,travaux d'entretien à prévoir sur porte et sur l'ensemble des pierres tombales,Trois pierres tombales de la famille Mueg de Boofzheim situées à l'extérieur du choeur de l'église ainsi que la porte d'entrée Renaissance de la sacristie : inscription par arrêté du 25 avril 1935,2018-12-31
31,IVZ3W3,Eglise paroissiale simultanée Saint-Arbogast,Sélestat-Erstein,7.49615626965334,48.4172154290545,moyen,65.0,"Intérieurs pas vus, voies d'eaux importantes sur enduits extérieures ",Eglise paroissiale simultanée Saint-Arbogast (cad. 1 365/64) : inscription par arrêté du 26 mars 1986,2018-12-31
32,IX3ZEF,Château (restes du),Sélestat-Erstein,7.3982284640232,48.2698252253378,moyen,0.0,,"L'église anglicane Saint-Andrew en totalité, et les façades et toitures de son ancien presbytère avec le porche et l'escalier d'accès sous verrière (cad. CO 383, 385) : inscription par arrêté du 21 mai 2015",2018-12-31
33,I1564G,Eglise catholique Saint-Georges,Sélestat-Erstein,7.397657984808,48.2691155906468,bon,,restauration de la couverture et de la charpente récente. Prévoir purge des enduits ciment,"Tour-clocher : classement par arrêté du 22 août 1901 ; Monument funéraire d'Hélène Rimelin : inscription par arrêté du 3 juin 1932 ; Eglise (à l'exception du prolongement moderne de la sacristie) , y compris l'ossuaire et le mur d'enceinte avec ses portails d'accès (cad. 6 100) : inscription par arrêté du 30 octobre 1990",2018-12-31
34,IDIESB,Fontaine,Sélestat-Erstein,7.39913097202183,48.2714099906013,moyen,50.0,le puits en eau ne fait pas état de travaux d'entretien régulier un ragréage est nécessaire,"Les façades et toitures (cad. AM 342, 343, 483, 492) : inscription par arrêté du 1er décembre 2009",2018-12-31
35,IYUG31,Auberge de la Couronne,Sélestat-Erstein,7.42478489000876,48.3233942120056,bon,100.0,,Façades et toitures du bâtiment subsistant (cad. BE 671) : inscription par arrêté du 28 décembre 1984,2018-12-31
36,I5XABE,Chapelle Notre-Dame,Sélestat-Erstein,7.42344200120391,48.3277693531236,bon,0.0,à fait l'objet d'une récente restauration des élévations et de la couverture,Chapelle de la Vierge : inscription par arrêté du 6 janvier 1930,2018-12-31
37,IBEA2R,Chapelle Saint-Jean-Baptiste,Sélestat-Erstein,7.44794448354606,48.3162862566656,moyen,,,L'église en totalité (cad. A 119) : inscription par arrêté du 27 octobre 2006,2018-12-31
38,I54AV3,Chapelle de Saint-Sébastien,Sélestat-Erstein,7.41978175929799,48.3271128504825,moyen,,"enduits ciment et peintures acrylique, problème de gestion des eaux de pluies, sol imperméable",Eglise : classement par arrêté du 20 juillet 1912,2018-12-31
39,IH19EM,Ruines du Château de Bernstein ,Sélestat-Erstein,7.39963323959028,48.3217676294646,moyen,5.0,"ruines: conserver une gestion annuel des travaux d'entretien(dé-végétalisation,maçonneries)",Maison : classement par arrêté du 22 juin 1928,2018-12-31
40,IH9MNJ,Fontaine,Sélestat-Erstein,7.42501735539097,48.3237008071856,moyen,15.0,,Fontaine dite Stockbrunnen : inscription par arrêté du 6 janvier 1930,2018-12-31
41,IHWGPF,Fortifications (vestiges des anciennes),Sélestat-Erstein,7.4244241230882,48.3211380661237,moyen,10.0,"superficie importante relativement bien entretenue, rejointoiement à prévoir",Eglise paroissiale (cad. AC 102) : classement par arrêté du 28 février 1992,2018-12-31
42,I84RQ1,Hôtel de Ville,Sélestat-Erstein,7.4250924705085,48.3233795316784,bon,10.0,,"Rez-de-chaussée et solivages et points d'appui intérieurs et extérieurs qui le surplombent : classement par décret du 31 mars 1915 ; Façades et toitures (cad. D 607, 612) : inscription par arrêté du 25 juin 1993",2018-12-31
43,IRFEZM,Maison,Sélestat-Erstein,7.42482302933911,48.323106944748,bon,0.0,,"Château (ruines) (cad. A 557 à 559, 564, 568) : inscription par arrêté du 10 avril 1948",2018-12-31
44,IPOC00,Maison,Sélestat-Erstein,7.42486555044988,48.3237045074442,bon,5.0,,Villa Anne-Marie (cad. AL 193) : inscription par arrêté du 21 août 1989,2018-12-31
45,IIGEQQ,Maison,Sélestat-Erstein,7.42456029397133,48.3237081270139,bon,5.0,,Façades et toitures : classement par arrêté du 5 mars 1937,2018-12-31
46,IC6X4Y,Maison,Sélestat-Erstein,7.42469995459704,48.3254501619814,bon,20.0,,Façade et toiture : inscription par arrêté du 6 janvier 1930,2018-12-31
47,I13BUG,Maison,Sélestat-Erstein,7.4245878919262,48.3254957341821,bon,5.0,,Château (ruines) : classement par arrêté du 18 septembre 1923,2018-12-31
48,IKEBLT,Maison,Sélestat-Erstein,7.42496075615412,48.325712957991,bon,0.0,,Eglise (cad. AC 210) : inscription par arrêté du 3 février 1999,2018-12-31
49,IRVQ93,Maison,Sélestat-Erstein,7.425969659063,48.3240032706858,bon,30.0,restauration du bâtiment principal sauf poteau cornier de la coursive,"Château et son parc (cad. H 607 à 612 ; I 274 à 278, 278bis, 279) : classement par arrêté du 27 février 1964",2018-12-31
50,IYXRHH,Maison,Sélestat-Erstein,7.42426514706837,48.3235463395876,bon,0.0,,Eglise protestante : inscription par arrêté du 16 octobre 1930,2018-12-31
51,ISN9SH,Eglise catholique Saint-Laurent,Sélestat-Erstein,7.327942083176432,48.31233257833662,moyen,50.0,Intérieurs pas vus. Voies d'eau sur enduit extérieur,Eglise sauf le baptistère et le prolongement sud de la sacristie (cad. 1 283) : inscription par arrêté du 26 mars 1986,2018-12-31
52,IB4MP6,Eglise catholique Saint-Martin,Sélestat-Erstein,7.50368862303089,48.3038464950619,moyen,0.0,Intérieurs pas vus. Couverture et enduits extérieurs : développement cryptogamique et salissures ,Eglise Saint-Just : classement par liste de 1840,2018-12-31
53,IVGD61,Ancienne église abbatiale Saint-Maurice ,Sélestat-Erstein,7.52705799055338,48.3109747325609,mauvais,60.0,"abat son en périls,remontées d'humidité importante, fissures importantes traversantes dans le chœur",Façades et toitures ; structure métallique (cad. BO 437) : inscription par arrêté du 30 mai 2000,2018-12-31
54,IS2ENE,Chapelle Saint-Jean-Baptiste,Sélestat-Erstein,7.44244612799097,48.3842565614239,bon,50.0,Intérieurs pas vus.,Chapelle Saint-Jean-Baptiste : inscription par arrêté du 27 février 1936,2018-12-31
55,IXLO9I,Chapelle Sainte-Marguerite,Sélestat-Erstein,7.47780206089151,48.3543665847601,moyen,30.0,"Mousses importantes sur la couverture, efflorescences salines en pied de façades + mousses et lychen",Château (ruines) (cad. C 362) : inscription par arrêté du 17 février 1926,2018-12-31
56,IC4G45,Banc-reposoir,Sélestat-Erstein,7.646450125253737,48.43340588014031,moyen,,situé à proximité d'un axe routier important et sans protection son intégrité est menacé,Façades et toitures sur la place avec retour sur les rues du Maréchal-Lyautey et de la Madeleine (cad. A 27) : inscription par arrêté du 18 août 1953,2018-12-31
57,I7NDJB,Eglise protestante,Sélestat-Erstein,7.69956410004469,48.3811077851249,,80.0,,Eglise : classement par arrêté du 4 décembre 1915,
58,IPVS9I,Château de Landsberg (vestiges),Sélestat-Erstein,7.42250770585899,48.4206118360686,moyen,20.0,travaux d'entretien trop lacunaire prévoir petite restauration,Le château en totalité (cad. D 188) : inscription par arrêté du 21 août 2003,2018-12-31
59,IU011C,Chapelle Saint-Ludan,Sélestat-Erstein,7.6657328982247,48.4679353164737,moyen,40.0,enduit ciment et peinture acrylique ,Arcade : inscription par arrêté du 27 juin 1928,2018-12-31
60,IT9PH5,Croix,Sélestat-Erstein,7.58024078077521,48.3546036289947,moyen,20.0,soumis aux intempéries,"Les vestiges de l'amphithéâtre situés rue Saint-Jacques, rue du Moulin-à-Huile, place du Cirque, rue du Cirque et impasse des Anciennes-Arènes (cad. non cadastré, domaine public ; LX 152 à 154, 256 à 268, 272 à 274, 287 à 293, 295 à 298, 320 à 335, 927, 996 à 1002, 1005, 1006, 1017, 1018, 1020, 1022, 1024, 1026, 1029, 1030, 1034) : inscription par arrêté du 16 mai 2013",2018-12-31
61,I33EIT,Eglise paroissiale Saint-Rémi,Sélestat-Erstein,7.42730758190973,48.3642296098755,moyen,,"couverture à réviser, et entretien des élévation intérieures et extérieures",L'église en totalité (cad. AB 369) : inscription par arrêté du 31 juillet 2002,2018-12-31
62,I0RQRF,Château (ruines),Sélestat-Erstein,7.38656510382829,48.2560741263228,moyen,100.0,"ruines à consolider, projet de restauration en cours",Portail avec statue et arcade romane contiguë : classement par arrêté du 30 janvier 1932,2018-12-31
63,I74ST5,Eglise catholique Saint-Léger,Sélestat-Erstein,7.54238276376515,48.3370612872531,,40.0,,Eglise : inscription par arrêté du 21 avril 1934,
64,IF28H6,Mairie (ancienne),Sélestat-Erstein,7.56582580417108,48.4762150832807,bon,5.0,"restauration des menuiseries récente, travaux d'entretien ",Porte du 14e siècle sur cour : inscription par arrêté du 31 mai 1927,2018-12-31
65,IFU7AD,Eglise paroissiale Saint-André (ancienne) ,Sélestat-Erstein,7.54106879030534,48.4473559653192,mauvais,0.0,"accord sur AC restauration générale en 2017, démarrage des travaux en 2018","Tour, choeur, autels latéraux et panneaux de la tribune d'orgue : classement par arrêté du 5 février 1924",2018-12-31
66,I9GBQ8,Hôtel de Ville,Sélestat-Erstein,7.44182917795843,48.396034785787,moyen,0.0,ensemble sain.enduits récemment restaurer avec des mortiers mis en œuvre durant mauvaise saison,Façades et toiture : inscription par arrêté du 29 avril 1931,2018-12-31
67,IAE1TY,Maison,Sélestat-Erstein,7.44230897645802,48.3961523085519,bon,1.0,,"Le rempart et l'habitat du premier Age du Fer de l'éperon barré de Niord (cad. A 582 à 584, 587 à 589) : inscription par arrêté du 20 avril 2006",2018-12-31
68,ILYRKF,Nécropole de tumulus protohistoriques,Sélestat-Erstein,7.50143477295266,48.2307219405639,moyen,,,Eglise de Heux (cad. A 401) : inscription par arrêté du 29 décembre 1977,2012-09-26
69,IVDG9C,Château du Frankenbourg (ruines du),Sélestat-Erstein,7.32497300120393,48.2952975411513,moyen,0.0,Ruines travaux d'entretien à proursuivre pour consolidation ,Cloître Saint-Saturnin dans l'hospice du faubourg de Vienne (cad. DH 180) : classement par arrêté du 12 juillet 1886,2018-12-31
70,I3QR5H,Le Glockenturm et les deux tours de défense Est et Ouest,Sélestat-Erstein,7.51733651565241,48.4521035401591,moyen,50.0,"manque d'entretien,végétation,maçonnerie,joints travaux de restauration à prévoir",Eglise (cad. B 21) : inscription par arrêté du 24 février 1926,2018-12-31
71,IXIK8T,Banc-reposoir ,Sélestat-Erstein,7.65572124818052,48.4480473894617,,30.0,,"Le château en totalité ; l'allée axiale en totalité ; les terrasses en totalité ; les douves en totalité ; les ponts dormants en totalité ; le sol de l'emprise du jardin en totalité ; le colombier en totalité ; l'écurie en totalité ; les murs de soutènement en totalité (ensemble situé aux lieux-dits Château de Vésigneux, Le Vésigneux, Étang du Château, Les Couées et Le Grand Champ au travers de la voie communale n° 3 dite de Vésigneux, ainsi que sur les parcelles B 120 à 126, 145, 146, 236, cf plan annexé à l'arrêté) : : inscription par arrêté du 10 juillet 2012",
72,I9NIA3,Fontaine,Sélestat-Erstein,7.41938476124635,48.3518026083521,moyen,0.0,,"Le cimetière juif, en totalité, situé sur les parcelles n° 83 et 335 figurant au cadastre section 8 : inscription par arrêté du 12 septembre 1995",2018-12-31
73,IA65PS,Fontaine,Sélestat-Erstein,7.42074312475037,48.35593346348,bon,0.0,restauration 2016,Façades et toiture : inscription par arrêté du 11 juillet 1942,2018-12-31
74,I0K6W8,Eglise protestante,Sélestat-Erstein,7.6879072,48.3603733,moyen,50.0,,Monument funéraire de Fréderic de Sickingen : inscription par arrêté du 25 avril 1935,2018-12-31
75,IJRE7W,Beffroi et chapelle,Sélestat-Erstein,7.48164490036203,48.4620502166718,mauvais,100.0,démarrage des travaux de restauration juin 2018,Beffroi et chapelle dits Kappelturn (cad. 3 98) : classement par arrêté du 6 mars 1980,2018-12-31
76,ID5ZG7,Domaine de la Léonardsau,Sélestat-Erstein,7.44451279612844,48.4690182202286,mauvais,,,Façades et toitures (cad. B 78) : inscription par arrêté du 6 février 1981,2018-12-31
77,I9GCX8,Cimetière (Mont des Oliviers),Sélestat-Erstein,7.48145685142634,48.4639872783388,bon,50.0,"fresques en bon état datée de 1586, légère effervescence de sel en buste, clé de voûte jointoiement ",Chapelle de la vierge et Mont des Oliviers : inscription par arrêté du 18 juin 1929,2018-12-31
78,I4PPWE,Couvent des chanoines réguliers de Saint-Augustin (ancien),Sélestat-Erstein,7.4339896579246,48.4274539170162,moyen,20.0,manque d'entretien,Eglise : inscription par arrêté du 25 octobre 1954,2018-12-31
79,IV5ZHK,Eglise paroissiale Saints-Pierre-et-Paul,Sélestat-Erstein,7.48171016177045,48.463622061586,bon,100.0,Autel du saint-Sépulcre,L'autel du Saint-Sépulcre : classement par arrêté du 3 juillet 1900,2018-12-31
80,IZCIRV,Eglise Saint-Jean-Baptiste-d'Oberlinden (vestiges) ,Sélestat-Erstein,7.472047744382174,48.46296812938975,moyen,30.0,"manque d'entretien et mise en valeur à revoir, aujourd'hui ouvert au public et aux dégradations","Les vestiges de l’ancienne église Saint-Jean-Baptiste d’Oberlinden, dite Oberkirch, en totalité, et leur parcelle assiette (parcelle 438 de la section 11), situés 11, rue du Château sur la parcelle n°438 figurant au cadastre section 11 : inscription par arrêté du 17 mars 2022",2018-12-31
81,IZ2H67,Halle aux blés,Sélestat-Erstein,7.48293961696628,48.4621754055932,moyen,,desquamation partielle des grès en parties basses. entretien régulier.,Eglise : classement par arrêté du 15 janvier 1920,2018-12-31
82,IX8720,Hôtel de Ville,Sélestat-Erstein,7.48163948935254,48.4622315540651,moyen,,"restauration en cours (menuiseries, traitement remontées capillaires, couverture)",Façades et toitures du moulin ; pont-barrage (cad. ZB 44) : inscription par arrêté du 5 décembre 1984,2018-12-31
83,IRFFTI,Maison ,Sélestat-Erstein,7.47888689576659,48.4624365284007,bon,,remontées capillaires,Restes de l'ancien prieuré de Carluc avec la chapelle (cad. B 11) : classement par arrêté du 19 mars 1982 ; Restes de l'ancien prieuré (cad. B 10) : inscription par arrêté du 19 mars 1982,2018-12-31
84,I7AQYY,Maison,Sélestat-Erstein,7.48288393253728,48.4601866318334,moyen,15.0,"toiture en tuiles plates durée de vie dépassée, tuiles faitière manquantes,  zinguerie, fenêtres PVC",Maison : inscription par arrêté du 7 octobre 1931,2018-12-31
85,IJIMU2,Maison,Sélestat-Erstein,7.48194446737889,48.4618655574887,moyen,10.0,travaux de couverture et purge des sols étanches en pieds de façades,"Les deux phares, y compris les bâtiments annexes, le jardin et les murs de clôture (cad. BR 1, 2) : classement par arrêté du 3 octobre 2012",2018-12-31
86,I3W6IK,Maison,Sélestat-Erstein,7.4820895429425,48.4611176998337,bon,10.0,restauration en cours,Façades sur rue et sur cour et escalier à vis : inscription par arrêté du 6 janvier 1930,2018-12-31
87,I6FQ6Y,Maison,Sélestat-Erstein,7.47952673503701,48.4623543676061,moyen,0.0,"tuiles poreuses, enduit au ciment et peinture acrylique entraîne des remontées capillaires","Façades et toitures du château de Montreuil, avec le portail, conçus par René Hodé, ainsi que le décor du salon octogonal au rez-de-chaussée, selon l’emprise délimité par un trait rouge sur le plan annexé à l’arrêté et figurant au cadastre section A sur les parcelles 892 à 894 : inscription par arrêté du 16 février 2018.",2018-12-31
88,IWH045,Maison,Sélestat-Erstein,7.47942998649859,48.4610298200317,bon,100.0,purge des sols étanches en pieds de façades,Abbaye de Cercanceau : inscription par arrêté du 14 avril 1926,2018-12-31
89,I0VJZK,Maison,Sélestat-Erstein,7.48118533744243,48.4622003972689,moyen,20.0,enduit de façade à reprendre,Façades et toiture : inscription par arrêté du 6 janvier 1930,2018-12-31
90,IOMONM,Maison,Sélestat-Erstein,7.48299858705167,48.4624623069479,moyen,,une grande partie des enduits au RDC sont repris au ciment(teinte et matériaux non conformes),"Façades sur rue, façades avec galeries sur cour, toitures et puits dans la cour : inscription par arrêté du 8 juillet 1929",2018-12-31
91,IVTAK7,Maison,Sélestat-Erstein,7.47586994239536,48.4616616463507,bon,50.0,"encadrement en grès porte d'entrée, jambage et linteaux, à reprendre, fissures en linteaux à l'étage",Maison : inscription par arrêté du 6 janvier 1930,2018-12-31
92,I0FRVY,Maison,Sélestat-Erstein,7.48269972674138,48.4619721839526,bon,50.0,restauration récente. Peinture en partie acrylique et sol imperméables,Eglise Sainte-Eulalie : classement par arrêté du 10 février 1913,2018-12-31
93,I73AQE,Maison,Sélestat-Erstein,7.4802381012477,48.4616149239344,bon,,purge des enduits ciment,Façades et toitures : classement par arrêté du 3 septembre 1921,2018-12-31
94,IR7N6Q,Maison des Bains (ancienne),Sélestat-Erstein,7.48170239269962,48.4616274983853,bon,50.0,restauration récente. Parties basses impactées par l'humidité,Villa romaine de Lacou-Dausena (restes de la) : classement par liste de 1875,2018-12-31
95,I2RNR4,Puits à six seaux,Sélestat-Erstein,7.48174438498061,48.4625318697815,bon,0.0,"Tiges supports des gargouilles en acier oxydées à remplacer par des tiges en inox, coulures visibles",Puits à six seaux : classement par arrêté du 3 juillet 1900,2018-12-31
96,IRA3QL,Remparts (vieux),Sélestat-Erstein,7.48527846562054,48.4628403960518,moyen,5.0,nombreux propriétaires conséquences sur les travaux d'entretien non réguliers,Abri avec cloche blindée (cad. ZL 29) : inscription par arrêté du 3 juin 1994,2018-12-31
97,I0JWGW,Synagogue (ancienne),Sélestat-Erstein,7.48410635471541,48.4620233694743,bon,10.0,"bon état général, travaux d'entretien courant",Clocher : inscription par arrêté du 6 janvier 1930,2018-12-31
98,IVG005,Château du Haut-Koenigsbourg,Sélestat-Erstein,7.34205191047274,48.2493397929693,moyen,,"travaux à venir tour bastionnée, bergerie, Thiergarten",Ruines du château : classement par liste de 1862 - Parties restituées du château (1901-1908) et Domaine national sur lequel il est implanté (cad. 11 9) : classement par arrêté du 11 février 1993,2018-12-31
99,ICFVIL,Eglise catholique Saint-Maurice,Sélestat-Erstein,7.37898789357114,48.2408641242126,,25.0,,L'église (cad. AB 109) : inscription par arrêté du 28 novembre 2011,
100,I40MIU,Château,Sélestat-Erstein,7.63919758764425,48.3995646535751,moyen,20.0,,Porte de la Barbacane : inscription par arrêté du 17 février 1926,2018-12-31
101,IXUHXO,Eglise catholique Saint-Barthélemy,Sélestat-Erstein,7.64057568483443,48.4016954927755,,20.0,,"Eglise, entrées du cimetière et pierres tombales de la famille Zorn de Bulach, encastrées dans le mur du cimetière : inscription par arrêté du 28 juillet 1937",
102,IT3VRY,Eglise catholique Saint-Michel (ancienne),Sélestat-Erstein,7.70513080908053,48.3186075487575,mauvais,50.0,élévation fortement impacté par les remontées capillaires et dégradation volontaires,Choeur : inscription par arrêté du 25 avril 1935,2018-12-31
103,IOFSDO,Château d'Ittenwiller,Sélestat-Erstein,7.45412909002017,48.3846302968103,,0.0,,"Façades et toitures du bâtiment principal, vestiges du mur d'enceinte avec les restes du portail roman, la porte d'entrée de l'enceinte avec les façades et toitures des bâtiments annexes, le puits Renaissance : inscription par arrêté du 20 octobre 1937",
104,I5DI9G,Châteaux de Ortenbourg et de Ramstein (ruines),Sélestat-Erstein,7.38794537631968,48.2943406139402,mauvais,40.0,périls sur la tour du château du ramstein et entretien régulier à faire sur l'ortenbourg,Châteaux de Ortenbourg et de Ramstein (ruines) : classement par arrêté du 1er juillet 1924,2018-12-31
105,IS7QI2,Maison,Sélestat-Erstein,7.41937919356497,48.2859583740719,moyen,0.0,"Oriel sur mur gouttereau, traitement des bois de charpente et couverture à remplacer",Maison appelée Corps de garde : classement par arrêté du 17 juillet 1924,2018-12-31
106,I39KFN,Maison,Sélestat-Erstein,7.42103418120206,48.2868654018865,moyen,50.0,"Travaux de couverture à réaliser, remplacement",Oriel : inscription par arrêté du 11 mai 1932,2018-12-31
107,IK3DQU,Synagogue (ancienne) et maison du rabbin,Sélestat-Erstein,7.4211491,48.2862152,bon,20.0,Hormis le passage,Façades et toitures (extérieures et sur cour) et les douves : inscription par arrêté du 11 janvier 1951,2018-12-31
108,IE3WM5,Arsenal Saint-Hilaire (ancien),Sélestat-Erstein,7.45461457894852,48.2575474510262,bon,20.0,Restructuration complète en 2013-2018 à usage de logements,Façades et toitures (cad. 1 203) : inscription par arrêté du 30 mai 1984,2018-12-31
109,I4NY07,Banc-reposoir ,Sélestat-Erstein,7.48554676499516,48.2635813225202,,0.0,,Eglise de Trèves : classement par liste de 1862,
110,IUQ7NA,Église Saint-Georges,Sélestat-Erstein,7.45656699559878,48.2600678623977,mauvais,100.0,Protrection provisoire et travaux d'urgence en 2017.Gros travaux de restauration à prévoir,L'ancienne cathédrale : classement par arrêté du 16 mars 1848,2018-12-31
111,I0CZGK,Commanderie de Saint-Jean (ancienne),Sélestat-Erstein,7.45345508224495,48.2615467768477,bon,20.0,récemment restauré,Façade et toiture (cad. E 337) : inscription par arrêté du 16 décembre 1982,2018-12-31
112,IK7YYA,Eglise des Récollets (ancienne),Sélestat-Erstein,7.45321544002074,48.2600635054371,moyen,15.0,"enduits à reprendre, remontées de capillarités , couverture à restaurer, passe pied à prévoir",Eglise des Franciscains (ancienne) ou Eglise protestante (cad. N 367) : inscription par arrêté du 21 mars 1983,2018-12-31
113,IHWUHJ,Eglise Sainte-Foy,Sélestat-Erstein,7.45607412662839,48.2593079855372,mauvais,9.0,Protrection provisoire et travaux d'urgence en 2017.Gros travaux de restauration à prévoir,"La porterie Saint-Nicolas en totalité, y compris le logis attenant ; les vestiges et le sol de l'ancienne église abbatiale ; le nouveau logis abbatial et les bâtiments conventuels en totalité, y compris l'aire de l'ancien cloître ; les façades et toitures de l'ancien logis abbatial ; les façades et toitures de l'ensemble des dépendances agricoles, à l'exclusion des bâtiments modernes ; l'enclos abbatial avec ses murs, terrasses et jardins, y compris le canal et l'étang (cad. B 36 à 38, 63, lieudit Les Dairies, 39, 41 à 47, 49 à 54, 129, 130, lieudit Blanche Lande) : inscription par arrêté du 27 novembre 2000",2018-12-31
114,I8LAXE,Hôtel d'Andlau (ancien),Sélestat-Erstein,7.45685710499674,48.2603549816992,moyen,0.0,vérification couverture,"Façades, toiture, escalier : inscription par arrêté du 29 avril 1931",2018-12-31
115,IUBLXA,Hôtel Cetty (ancien),Sélestat-Erstein,7.45144432824846,48.2592904738713,bon,10.0,remontées de capillarité,Vantaux de la porte d'entrée et boiseries de la salle à manger au rez-de-chaussée : inscription par arrêté du 6 janvier 1930,2018-12-31
116,IOD6GG,Hôtel de Chanlas,Sélestat-Erstein,7.45277372460825,48.2605808813566,moyen,0.0,"revoir l'étanchéité , les grès des éléments moulurés",Amphithéâtre (restes d'un) : classement par arrêté du 20 mars 1936,2018-12-31
117,I78TEM,Hôtel d'Ebersmunster (ancien),Sélestat-Erstein,7.45578731897316,48.2602234761875,bon,0.0,remontées de capillarité au niveau des 2 avancées de bâtiment,Eglise Saint-Pierre avec le portail d'entrée : classement par liste de 1862,2018-12-31
118,I6BNQ5,Hôtel du Prêteur Royal (ancien),Sélestat-Erstein,7.45311207136796,48.2585247196774,bon,20.0,restauré en 2014,Façade (vantaux de la porte compris) et toiture : inscription par arrêté du 25 octobre 1929,2018-12-31
119,IDOYU9,Hôtel de Ville,Sélestat-Erstein,7.45372096508116,48.2594555987795,moyen,0.0,"nettoyage des grès, menuiseries à reprendre, lucarnes à fermer. Charpente à vérifier.",Eglise Notre-Dame (cad. A 451) : inscription par arrêté du 20 novembre 1939,2018-12-31
120,IP22WT,Maison,Sélestat-Erstein,7.454458296027,48.2593378333427,bon,15.0,remontées de sels au niveau des 2 piliers,Façade sur rue et grille de boutique (restaurant la Bouteille d'or) : inscription par arrêté du 23 mai 1984,2018-12-31
121,IJBLZY,Maison natale présumée de Beatus Rhenatus,Sélestat-Erstein,7.45853185476527,48.258854232524,bon,0.0,"travaux d'entretien couverture, enduit à prévoir","Façades et toitures du château, à l'exclusion de celles du bâtiment des communs accolés à l'ouest ; oratoire au rez-de-chaussée de la tour nord-ouest ; caves voutées et pièces en sous-sol : inscription par arrêté du 27 juin 1984",2018-12-31
122,IUT0DF,Auberge des Alliés,Sélestat-Erstein,7.45469381426719,48.2590196068184,bon,80.0,récemment restauré,Les façades et toiture : inscription par arrêté du 21 avril 1934,2018-12-31
123,IXPHNI,Maison,Sélestat-Erstein,7.45500048710806,48.2594155137703,bon,30.0,PC accordé en 2015,Eglise : inscription par arrêté du 27 février 1925,2018-12-31
124,IKH34B,Maison,Sélestat-Erstein,7.45521954818687,48.259739760163,bon,70.0,récemment restauré,"Façade avec oriel, balcon et toiture : inscription par arrêté du 29 avril 1931",2018-12-31
125,IAMEY0,Maison,Sélestat-Erstein,7.4572049170909,48.2596625584395,moyen,,grès et éléments moulurés très délités,Porte sur rue (vantaux et impostes compris) : inscription par arrêté du 21 avril 1934,2018-12-31
126,IAS4Q9,Maison,Sélestat-Erstein,7.45711700909373,48.2590343752309,,20.0,,Eglise Saint-Jean-Baptiste (cad. A 259) : inscription par arrêté du 8 mars 1982,
127,IPWULX,Maison,Sélestat-Erstein,7.45729377042213,48.2588785964568,,50.0,,"Façades sur rue et sur cour, toiture : inscription par arrêté du 18 juin 1929",
128,IHEDNN,Maison,Sélestat-Erstein,7.45401723330559,48.2597681345073,moyen,20.0,"PC accordé en 2017, travaux non entrepris. Enduit à reprendre en totalité, rives en grès à observer",Façade principale avec oriel : inscription par arrêté du 29 avril 1931,2018-12-31
129,IDE0HU,Maison,Sélestat-Erstein,7.4536855913346,48.2602830814394,bon,70.0,entretenu,Rampe d'escalier : inscription par arrêté du 27 avril 1948,2018-12-31
130,I43R3Y,Maison,Sélestat-Erstein,7.45169835919125,48.2588434020808,,20.0,,"La chapelle dite chapelle des Carmélites (cad. AB 103, 355) : classement par arrêté du 10 février 1909",
131,IIYSYJ,Maison Ziegler,Sélestat-Erstein,7.45207055088709,48.2594898019052,bon,,bien entretenue,Eglise Notre-Dame-du-Taur : classement par liste de 1840,2018-12-31
132,I15062,Porte de Strasbourg,Sélestat-Erstein,7.45771578008794,48.2600940851535,bon,40.0,reprise des enduits en parties basses et vérification de la couverture,Porte de Strasbourg : inscription par arrêté du 21 avril 1934,2018-12-31
133,I6QAPV,Grenier du Prieuré des Bénédictins (ancien),Sélestat-Erstein,7.45541367148974,48.2590552159875,moyen,25.0,"travaux enduits, corniches, menuiseries à prévoir",Porte datée de 1601 : inscription par arrêté du 29 avril 1931,2018-12-31
134,IMVQL0,Remparts,Sélestat-Erstein,7.45342929112602,48.2549459051369,bon,0.0,travaux d'entretien régulier à prévoir + dévégétalisation,Portail au Sud : classement par arrêté du 7 mars 1908,2018-12-31
135,IWB35K,Tour Neuve,Sélestat-Erstein,7.45390606711279,48.2575859559206,bon,15.0,travaux d'entretien des chéneaux à prévoir,"Le château, à l'exception des parties classées : inscription par arrêté du 13 juillet 1926 - Les façades et toitures ; la chapelle et le salon Louis XV attenant au rez-de-chaussée ; la cour d'honneur et le parc à la française avec toutes ses charmilles : classement par arrêté du 20 novembre 1933",2018-12-31
136,IEMMLV,Tour des Sorcières,Sélestat-Erstein,7.45809429300328,48.2597984146563,bon,,restauration en 2013 importance de pérenniser les travaux par des travaux d'entretien,Façade et toiture (cad. A 657) : inscription par arrêté du 3 juin 1932,2018-12-31
137,ITX8IC,Eglise paroissiale (ancienne),Sélestat-Erstein,7.2404997,48.3577893,,10.0,,L'église (cad. B 332) : inscription par arrêté du 6 juin 2014,
138,IYW59B,Château de Grünstein,Sélestat-Erstein,7.49742880617762,48.3793737398704,,,,"Deux ponts d'accès au château ; façades et toitures du corps de logis à l'exclusion du bâtiment annexe adossé au mur ; portail sud et corps de passage adjacent avec ses éléments lapidaires en réemploi, notamment des pierres tombales de la famille de Mullenheim (cad. 6 20) : inscription par arrêté du 1er octobre 1986",
139,IIRRRH,Château d'Andlau,Sélestat-Erstein,7.48442981033965,48.3799459924156,,0.0,,Façades et toitures du corps de logis et des dépendances sur plan en U (cad. 2 27) : inscription par arrêté du 1er octobre 1986,
140,ILA4E6,Château,Sélestat-Erstein,7.34511917098381,48.3231168041771,,20.0,,Eglise : classement par arrêté du 4 mars 1933,
141,IE9O6A,Château Bilstein (ruines),Sélestat-Erstein,7.22154580498353,48.3304400552282,mauvais,,,Choeur : inscription par arrêté du 21 novembre 1925,2018-12-31
142,I8WPR7,Chapelle Sainte-Marguerite,Sélestat-Erstein,7.52230573071294,48.4216799602169,mauvais,0.0,gestion des eaux de pluies très mauvaise,Abside : inscription par arrêté du 11 mai 1932,2018-12-31
143,I7FG4H,Eglise Saint-Blaise,Sélestat-Erstein,7.51859047428581,48.4200924008487,mauvais,0.0,affaissement important du chœur travaux d'urgence et retrait des vitraux. enduit ciment,Motte castrale et fossé (cad. ZX 16) : inscription par arrêté du 1er février 1993,2018-12-31
144,I1N9NF,Hôtel de Ville,Sélestat-Erstein,7.39948662857553,48.2715756087091,bon,10.0,,La porte d'Occident : inscription par arrêté du 28 février 1927 ; La porte d'Orient : inscription par arrêté du 28 février 1927 ; La tour carrée avec son mur de courtine : inscription par arrêté du 11 mars 1933,2018-12-31
145,I166NO,Maison le Châtelet,Sélestat-Erstein,7.59311709451708,48.3693447442847,moyen,40.0,"enduits au ciment en partie basse, travaux d'entretien à prévoir sur la couverture",Pignon : classement par liste de 1889 ; Eglise (à l'exception du pignon classé) : inscription par arrêté du 25 juin 1929,2018-12-31
146,I4JBL4,Fontaine de l'Ours,Sélestat-Erstein,7.45034219700733,48.4228448321082,mauvais,10.0,Margelles à restaurer ,"Les façades et les toitures du logis, ainsi que le décor de la salle à manger et de la chambre Louis XVI à l'étage, et les deux escaliers avec leur cage ; le jardin avec l'ensemble de ses parties constitutives, notamment la pièce d'eau, les murs de clôture et les vestiges du kiosque (cad. AN 154 (46 rue Henri Cornat), 155 (Le Parc), 156 (Le Jardin), 157 (La Mare), 158 (Le Pré)) : inscription par arrêté du 14 novembre 2012",2018-12-31
147,IZX5YJ,Enceinte protohistorique de la Frankenbourg,Sélestat-Erstein,7.30655028876871,48.2953078897229,moyen,10.0,,"Domaine avec la tour et le bâtiment de l'ancien prieuré qui lui est directement accolé au Sud (sauf bâtiments et hangars ajoutés à l'Ouest et au Nord) , ainsi que l'ancienne chapelle Saint-Michel (cad. E 204) : inscription par arrêté du 22 juillet 1991",2018-12-31
148,IT8UMD,Puits de la mine Haus Österreich,Sélestat-Erstein,7.25943929063101,48.3310748122947,moyen,8.0,,Le puits de la mine (cad. 1 213/164) : classement par arrêté du 24 mars 1997,2018-12-31
149,IMMHBA,Pressoir,Sélestat-Erstein,7.48615660862046,48.4331036711302,bon,0.0,propriétaire privée non ouvert à la visite CST,Les façades : inscription par arrêté du 11 décembre 1925,2018-12-31
150,I0V3RK,Maison,Sélestat-Erstein,7.6221557604969,48.3960110956844,péril,0.0,"mise hors d'eau et hors air urgente. flambements importants, colombages dégradés,remplissage absent",Fontaine et calvaire du Dreneck (cad. A 251) : classement par arrêté du 27 mars 1914,2018-12-31
151,I88EPF,Château du Petit-Koenigsbourg,Sélestat-Erstein,7.3391421766329,48.2492273500341,moyen,30.0,projet de valorisation prévu par le CD67,Chapelle Sainte-Marguerite (cad. 23 86) : inscription par arrêté du 18 décembre 1968,2018-12-31
152,IODZM3,Station de pompage du château du Haut-Koenigsbourg,Sélestat-Erstein,7.33464857079401,48.2463177396649,moyen,30.0,projet de valorisation prévu par le CD67,"Les façades, toitures et éléments annexes de la station de pompage (cad. 11 10) : inscription par arrêté du 10 septembre 1991",2018-12-31
153,ITHJK8,Eglise Saint-Gilles,Sélestat-Erstein,7.36196099021967,48.336431839132,bon,30.0,travaux d'entretien à prévoir sur les parties basses et les chéneaux ,"Eglise Saint-Gilles (cad. B 1730, 1731) : inscription par arrêté du 13 avril 1992",2018-12-31
154,IDBUUH,Château d'eau,Sélestat-Erstein,7.44560906953781,48.2589874732342,bon,5.0,encore en fonction (Véolia),"En totalité : le corps de logis agrandi par Dainville, la chapelle, la fuie ; les façades et toitures des autres bâtiments (tels qu'ils figurent sur le plan de 1848 annexé à l'arrêté) ; le jardin et les murs de soutènement (cad. D 496 à 498, 500, 503) : inscription par arrêté du 3 décembre 2001",2018-12-31
155,I5W03J,Cimetière juif,Sélestat-Erstein,7.45412189442761,48.2757027261154,moyen,,travaux de dévégétalisation réalisé en 2013. ,Façade et toiture (cad. 02 AR 62) : inscription par arrêté du 7 mars 1941,2018-12-31
156,IWTY2H,Tribunal d'Instance,Sélestat-Erstein,7.45094019970263,48.2605594152334,bon,,"travaux de couverture, enduits et reprise ponctuelle de grès (corniche, encadrement) à prévoir",Extérieurs ; grille de clôture sur rue (cad. 5 33) : inscription par arrêté du 2 juillet 1992,2018-12-31
157,IQP2QR,Domaine Fabvier et parc,Sélestat-Erstein,7.3907999469793,48.2524731832338,moyen,5.0,"mur d'enceinte remontées capillaires, manque d'entretien, parc fermé au public",Pavillon de la Suisse (cad. 14 : 02 BE 2) : classement par arrêté du 16 décembre 1986,2018-12-31
158,I1AZSB,Double enceinte du cimetière fortifié et du château,Sélestat-Erstein,7.39662337690778,48.2695855590268,bon,,travaux d'entretien régulier,"La double enceinte du château disparu et du cimetière fortifié (cad. 06 75 à 79, 96 à 103, 108 à 110, 113, 117, 124, 126, 128, 129) : inscription par arrêté du 8 décembre 1993",2018-12-31
159,IPMGRM,Domaine de Werde,Sélestat-Erstein,7.63677924060821,48.3880586314579,mauvais,20.0,enduit ciment sur l'ensemble des bâtiments. travaux de couverture et charpente à prévoir,"L'église en totalité (cad. AB 22) et la croix sise à son chevet (cad. domaine public, non cadastré) : inscription par arrêté du 14 décembre 2011",2018-12-31
160,IIP90O,Immeubles,Sélestat-Erstein,7.48012808701788,48.4614350879549,bon,20.0,purge des enduits ciment,"Façade sur rue, tourelle avec escalier à vis sur cour : inscription par arrêté du 12 octobre 1929",2018-12-31
161,IDGK5F,Ponts sur l'ancienne route du sel (4),Sélestat-Erstein,7.3878909,48.2903516,mauvais,,aucun entretien et édifice isolé,Fontaine Sainte-Julitte (cad. E 148) : inscription par arrêté du 20 mars 1934,2018-12-31
162,IJBQEG,"Hôtel-restaurant ""A la Cloche""",Sélestat-Erstein,7.48186577294994,48.4625072559984,bon,,dé-jointoiement irrégulier et partiel des maçonneries.remontées capillaires et peinture acrylique,"Vestiges du château : motte, basse-cour et fossés adjacents (cad. ZB 125, 126) : inscription par arrêté du 4 avril 1996",2018-12-31
163,I3K8MC,Hôpital bourgeois (ancien),Sélestat-Erstein,7.45678029584921,48.2571633395721,,0.0,,L'imposte en fer forgé (cad. EH 185) : inscription par arrêté du 3 octobre 1946,
164,IDDS6W,Cimetière bourgeois (ancien),Sélestat-Erstein,7.30116340808497,48.3422254152449,,10.0,,Château de Reichenstein (ruines) (cad. 18 21 à 23) : inscription par arrêté du 7 décembre 1990,
165,IGJ871,Ancienne maison de tanneur,Sélestat-Erstein,7.66105728126414,48.424943998945,bon,30.0,,Façades et toiture dans leur état d'origine ; structure en pan de bois (cad. AO 5) : inscription par arrêté du 25 février 1998,2018-12-31
166,IZJ5R8,Maisons anciennes,Sélestat-Erstein,7.42273884776496,48.3235930139289,bon,10.0,,"Façades et toitures des trois maisons anciennes, y compris la charpente d'origine de la maison d'angle nord-ouest (cad. 18 255) : inscription par arrêté du 6 décembre 1999",2018-12-31
167,IY4CCE,Chapelle Sainte-Croix,Sélestat-Erstein,7.39964439278646,48.2698546424455,moyen,35.0,,Les façades et les toitures (cad. AB 112) : inscription par arrêté du 9 novembre 1977,2018-12-31
168,IDAGZ7,Cimetière juif,Sélestat-Erstein,7.6032004130666,48.1895217818996,mauvais,0.0,"certaines pierres tombales sont en périls, inscriptions effacé, débordement du cour d'eau proche",Maison dite du Cardinal Jouffroy : classement par décret du 10 novembre 1921,2018-12-31
169,I5NJHU,Chapelle Notre-Dame du Grasweg,Sélestat-Erstein,7.57615327149486,48.3585657808203,moyen,20.0,"restauration des décors du choeur, prévoir purge des enduits ciment sur l'ensemble de l'édifice","Eglise, à l'exception du clocher : classement par arrêté du 10 février 1909 - Tour-clocher (cad. AN 65) : classement par arrêté du 10 juillet 2000",2018-12-31
170,IE4OBW,Eglise catholique Saint-Nicolas,Sélestat-Erstein,7.31319849151228,48.3308326331597,moyen,10.0,enduit cioment peinture acrylique. Entretien couverture principalement couverture du clocher,Eglise : inscription par arrêté du 19 octobre 1928,2018-12-31
171,IGJZ54,Château de Landsberg,Sélestat-Erstein,7.51762887997588,48.4503852569312,mauvais,,"péril imminent couverture chapelle et donjon très dégradée,statues détruites,travaux de maçonneries",Pont sur l'Agout : inscription par arrêté du 3 mars 1960,2018-12-31
172,IW444U,Couvent des Dominicaines de Sylo (ancien),Sélestat-Erstein,7.45556961979871,48.2576834812361,bon,40.0,restauration compete du cloitre en 2015-2017. PC déposée pour la chapelle,"Tour-clocher contenant l'ancien choeur ; terrain contenant les substructions de l'ancienne nef de ladite chapelle, en partie sous l'église actuelle (cad. 2 117) : inscription par arrêté du 22 octobre 1991",2018-12-31
173,IP9ZEH,Usine List,Sélestat-Erstein,7.69836612329191,48.3264832620161,moyen,,,"Le bâtiment de l'usine et sa chaufferie extérieure, en totalité ; les deux pavillons de logement pour les ouvriers de l'usine, en totalité (cad. 07 38, 40 à 54, 67, 92 à 100, 198, 256, 263) : inscription par arrêté du 14 décembre 2009",2018-12-31
174,IPL2CG,Baraquement de la Siedlung,Sélestat-Erstein,7.55016254403413,48.1608699307259,moyen,0.0,,Salle de musique (cad. AI 474) : inscription par arrêté du 20 mars 1995,2018-12-31
175,ILK5XF,Cité Paysanne ,Sélestat-Erstein,7.54354060796235,48.1674843188922,moyen,,nombreux bâtiments certains restaurés d'autres prévoir restauration couvertures maçonneries...,Les restes de la nef (cad. CH 219) : inscription par arrêté du 2 décembre 1946,2018-12-31
176,IWIEXF,Cité ouvrière,Sélestat-Erstein,7.65890817592021,48.4195958581958,bon,40.0,,Le corps de logis central et les deux pavillons (cad. A2 476) : inscription par arrêté du 27 mars 2008,2018-12-31
177,I1ZRCQ,Presbytère catholique,Sélestat-Erstein,7.30046138176508,48.3424607577036,,0.0,,"La ferme-château en totalité, composée du château Le Bel, du bâtiment contigu au château Le Bel, du bâtiment à pan de bois dit bâtiment du laboratoire, de l'ensemble des bâtiments agricoles composé des granges et du bâtiment d'habitation situé dans le prolongement du portail et des éléments historiques de clôture, de la cour et de son pavement, du parc et de ses éléments architecturés, des sols (cad. 16 75, 126) : inscription par arrêté du 30 janvier 2008",
178,ITFTV5,Fontaine de dévotion Saint-Georges dite Le Jeriabrunne,Sélestat-Erstein,7.39495297080578,48.2709092142262,moyen,,ragréage et consolidation partielle à prévoir,"La fontaine de dévotion Saint-Georges, dite « Le Jeriabrunne », en totalité (cad. 26 100 et sur le chemin rural du Meisenbergweg) : inscription par arrêté du 20 octobre 2015",2018-12-31
179,IF9GOD,Église Notre-Dame de l'Assomption,Sélestat-Erstein,7.30123342046982,48.3424602622752,moyen,20.0,,"L'église paroissiale Notre-Dame de l'Assomption en totalité, considérant que ses verrières et son arc triomphal peint datent eux du 20e siècle et telle que représentée en rouge sur le plan annexé à l'arrêté (cad. 02 191) : inscription par arrêté du 15 décembre 2015",2015-10-12
180,IHSRU5,Maison (DEMOLIE),Sélestat-Erstein,7.4783555,48.4622689,bon,70.0,"édifice démolie, l'édifice en place ne fait probablement pas partie de la protection",,2018-12-31
